What is the primary function of an intentional shocking statement in communication?,To shatter the audience's pattern recognition and reset their focus instantly.
"According to the 'Cognitive Violence' session, what distinguishes meaningful disruption from empty sensationalism?","Shock with purpose sharpens attention, while shock without substance erodes trust."
"In the hierarchy of shocking statements, which type is categorized as Level 1?",A shocking fact.
What is the specific goal of using a Level 1 shocking fact at the start of a presentation?,To establish urgency without alienating a general audience.
Which level of shocking statement is designed for tech executives or audiences obsessed with specific trends?,Level 5: A shocking contradiction.
What 'nuclear' source category provides the highest level of credibility for a shocking statement?,"Data from government reports, major CEOs, or leaked internal memos."
Why is 'Timing and Recovery' a separator between amateurs and professionals when delivering a shock?,"Professionals let the shocking statement breathe with a pause, while amateurs immediately explain it away."
What five-question checklist must be cleared before using any shocking statement?,"Can I prove it, is it recent, is it related, will they care, and can I defend it?"
"In the context of 'Cognitive Violence,' what does a 'weak source' like 'I read somewhere' do to the message?",It dilutes the impact of the shock and weakens the speaker's credibility.
What is the psychological definition of 'Raising the Stakes'?,A strategy used to amplify the importance or urgency of a topic by highlighting consequences.
"During the first 10 seconds of raising the stakes, the audience's mind is in the _____ stage.",Skepticism
What is the final stage of the audience's mental process when a speaker effectively raises the stakes?,Action Readiness
"According to the 'Incite Urgency' session, what is the 'cost of inaction'?",What the audience loses or misses out on by doing nothing.
How is 'Temporal Urgency' created in a presentation?,By linking the present moment to future outcomes and identifying immediate decision points.
What is the 'Neural Coupling' phenomenon discovered by Princeton scientists?,The synchronization of the storyteller's and the listener's brain activity during a narrative.
"Which neurochemical, released during a compelling story, is responsible for increasing trust and intimate bonding?",Oxytocin
How does storytelling affect cortisol levels in the audience's brain?,"It significantly drops cortisol levels, reducing stress and resistance."
The neurochemical _____ floods the system during a story to create anticipation and pleasure.,Dopamine
What are the three types of story frameworks used to create neural coupling?,"The Vision story, the Contrast story, and the Connection story."
"In the 'Architecture of Story Power,' what is the purpose of the 'Bridge'?",To connect the narrative specifically and directly to the core message.
Why must a story be 'Remarkable' to be an effective influence tool?,It must contain something unexpected or counterintuitive to trigger a high-impact response.
What 'Deadly Sin' of storytelling involves telling a story that has no apparent point?,The WTF factor.
"According to Darren Hardy, people follow emotion rather than _____.",Logic
What is the 'Identity Gap' trigger in provocative questions?,Exposing the difference between who people think they are and who they are actually being.
"In the SPARK method for provocative questions, what does the 'R' represent?",Reverse common assumptions by turning 'known truths' upside down.
The psychological principle of the _____ occurs when people feel a gap between what they know and what they want to know.,Curiosity Gap (or Cognitive Itch)
What is a 'Stakes Escalator' question?,A question that forces the audience to confront the real-world consequences of their choices.
Which pillar of a Riveting Message identifies the specific mindset shift the audience should experience?,Outcomes (specifically the 'Think' outcome).
What four specific outcomes must be defined in the 'Message Foundation Audit'?,"Think, Feel, Act, and Result."
What is a 'Big Idea' in the Riveting framework?,A novel perspective that challenges conventional thinking and packs a punch in one statement.
The _____ is the one clear thread that connects all presentation content from start to finish.,Throughline
What is a 'Moneyline' in a presentation?,"A succinct, vivid, and memorable phrase designed for the audience to repeat to others."
What is the 'Spouse Test' for a presentation throughline?,"Explaining the presentation to a spouse in one compelling, value-driven sentence."
How does the 'Moneyline' act as 'word-of-mouth insurance'?,By ensuring the audience remembers and repeats the core essence of the message.
What is a 'Mystery Loop' in communication?,An unresolved story or unanswered question that creates cognitive tension and demands resolution.
"According to Stanford research, what does uncertainty trigger in the brain?","Dopamine release, similar to the neurochemical response of physical cravings."
What is the 'Information Gap Theory' developed by George Lowenstein?,The obsession the brain feels to close the gap between current knowledge and desired knowledge.
"In building a mystery loop, what is the purpose of 'Planting Breadcrumbs'?",Dropping hints throughout the talk to keep the audience engaged until the loop is closed.
What is a 'Curiosity Cascade'?,Combining multiple mystery loops to create layers of intrigue that multiply engagement.
Opening with a perfectly selected quote leverages _____ to instantly engage the audience.,Borrowed Authority
"According to the 'Cocktail Party Principle,' how do you test a quote's effectiveness?",The quote should make someone stop mid-conversation and ask for more information.
What three neurochemicals are released when an audience hears a profound quote from a recognized authority?,"Dopamine (focus), Oxytocin (trust), and Norepinephrine (memory)."
What is the 'Opening Stack' architecture?,"Orchestrating multiple attention-grabbing techniques into a cohesive, high-momentum sequence."
How do Provocative Questions and Shocking Statements differ in their neurological function?,"Questions activate analytical processing, while shocking statements trigger survival attention."
"In the TRUST accelerator, what does 'Undefended Vulnerability' mean?",Strategic authenticity where the speaker shares a past struggle or failure that is now resolved.
The 'Feel-Felt-Found' method is used to transform audience _____ into rapport.,Resistance
"According to the Trust Accelerator, why is 'Truth Telling' effective in a boardroom?",It uses specific recognition to activate the brain's reward centers (ventral striatum).
What is the 'Aikido Method' in communication?,Redirecting the audience's skeptical energy into rapport using empathy and shared struggle.
What 'Credibility Killer' involves asking if the clicker or microphone is working?,The Tech Fumble.
Why is 'Premature Gratitude' considered a mistake in the opening moments?,The audience does not care about the speaker's gratitude until they care about the speaker's value.
What is the 'Biography Bomb' error?,Spending too much time on personal credentials before demonstrating value to the audience.
"Instead of saying 'I'm nervous,' what 'Power Phrase' does Darren Hardy suggest?","""I'm really excited to share this with you."""
Why is 'Forced Humor' dangerous at the start of a presentation?,It risks a flat response that creates awkwardness and undermines authority before rapport is built.
What should a speaker do if a joke falls flat?,Acknowledge it briefly and immediately transition to high-value content.
"According to the 'Selection Matrix,' which opening technique is most effective for small groups (5–20 people)?",Empathy activators and provocative questions.
Which opening technique is recommended for technical or analytical audiences?,Data-driven shocking statements and logical mystery loops.
"In the 'Opening Stack Builder,' how many attention-grabbing techniques are suggested for a 15-minute presentation?",Four or more stacked elements.
The 'Bookend Stack' pattern involves opening and closing with the same _____.,Provocative question.
What is the 'Mirror Stack' pattern in an opening sequence?,"Using empathy, followed by a story, and then returning to empathy to create double connection points."
What percentage of current presentations is estimated to be 'sharing information I find interesting' rather than serving defined outcomes?,The foundation audit asks speakers to assess this percentage to ensure content is goal-oriented.
How often should a speaker return to their shocking statement in a 'Spiral Stack' pattern?,"Three times, revealing deeper implications with each mention."
When should gratitude be expressed according to the 'Professional Gratitude Templates'?,After value has been demonstrated to the audience.
What is 'Open Loop Anxiety'?,A neurological state where the brain cannot rest until an unfinished story or mystery is resolved.
What are the three components of the 'Feel-Felt-Found' sequence?,"Name their pain (Feel), share your related story (Felt), and tease the transformation (Found)."
How does Darren Hardy define 'Transformation' in the context of a presentation?,The specific result or long-term achievement the audience realizes after the session.
"In the 'Six Deadly Sins of Storytelling,' what is the 'Me, Me, Me' sin?",Telling stories that only serve to inflate the speaker's ego rather than connect with the audience.
Which story element creates 'Forward Momentum' and makes audiences lean in?,Tension (or Conflict).
What is the 'Hook' in the 7 essential elements of a story?,An opening line that creates instant intrigue and makes the familiar feel fresh.
"In the 'Trust Accelerator,' what is the goal of 'Smooth Transition'?",To bridge the connection built through empathy seamlessly into the educational content.
"Which trust element involves sharing real numbers, consequences, and emotions regarding a resolved past failure?",Undefended Vulnerability.
What does a Level 4 'Shocking Prediction' focus on?,Detailing the future consequences of continuing the audience's current path.
Why is accuracy 'everything' for a speaker's reputation when using shocking facts?,One false shocking statement can destroy years of credibility instantly.
"In the 'Execution Tools,' what is the purpose of the 'Message Foundation Audit'?",To systematically evaluate the clarity and impact of the core message architecture.
What is the 'Cliffhanger' mystery loop template?,"Describing a person facing a crisis and then jumping forward to their success, asking 'How?'."
How do 'Empathy Activators' help small group interactions?,They build rapid rapport and intimate connection through shared experience.
What is the 'Enigma' mystery loop pattern?,"Asking what three seemingly unrelated items (A, B, and C) have in common."
What is the primary danger of using 'Weak Sources' for a shock?,It signals to the audience that the speaker's claims are based on hearsay rather than data.
"In the 'Stakes Escalator' trigger for questions, what is the speaker's goal?",To force the audience to confront what is truly on the line in the current situation.
"According to the 'Message Foundation' framework, what happens when a presentation lacks a Throughline?","The content feels scattered, and the audience leaves confused about the main point."
What is the 'Payoff' in storytelling?,The resolution where the lesson is delivered and the tension created by the hook is satisfied.
"According to the TRUST accelerator, what should a speaker avoid when sharing a relatable struggle?",Manufacturing false vulnerability or fake empathy that creates incongruence.
What is the 'Transformation' mystery loop?,Showing a person going from 'before' to 'after' and promising to reveal the secret behind the change.
"In the 'Selection Matrix,' which setting is most appropriate for 'Unexpected Story Openings' and 'Contrarian Shocking Statements'?",Creative and entrepreneurial settings.
What does the 'S' in the SPARK method for provocative questions stand for?,Start with their biggest pain point (the thing that keeps them awake at 3 AM).
What is the role of 'Norepinephrine' in the brain when hearing a quote?,"It acts as a master recorder, etching the words into memory and the 'soul'."
What should be the primary focus of an 'Opening Stack' crescendo?,Building tension until the audience is practically begging for the solution.
The 'Opening Mastery Assessment' measures a speaker's proficiency in which two areas?,The Four Pillars framework and attention-grabbing techniques.
What is the 'Pre-Presentation Riveting Checklist' meant to accomplish in 10 minutes?,"Technical testing, review of outcomes, opening stack rehearsal, and credibility protection."
"According to Darren Hardy, audiences will forgive technical glitches and nervousness, but they will never forgive _____.",Confusion (or wasted time).